Date,Move Minutes count,Calories (kcal),Distance (m),Heart Points,Heart Minutes,Average speed (m/s),Max speed (m/s),Min speed (m/s),Step count,Average weight (kg),Max weight (kg),Min weight (kg),Cycling duration (ms),Walking duration (ms),Running duration (ms),Calisthenics duration (ms)
2022-08-03,67,617.878588191121,3413.1949722766876,18.0,18,0.5655005142096317,1.4599322080612183,0.2985638380050659,5364,52.0,52.0,52.0,,3889928,,
2022-08-04,41,1394.8828131844753,1699.7678028345108,,,0.40224853971613334,1.1603931188583374,0.2573826313018799,3125,,,,,1343690,,
2022-08-05,6,1351.6923862936449,234.16927099227905,,,0.3732000545735951,0.8721392750740051,0.2882685363292694,616,,,,,246274,,
2022-08-06,3,1347.2697294972584,126.63225746154785,,,0.34126331024244483,0.42822763323783875,0.2676779329776764,506,,,,,133899,,
2022-08-07,42,1429.7567331491555,2211.8266818523407,12.0,12,0.42607061439798105,1.2101466655731201,0.2573826313018799,3610,,,,,1990308,101564,
2022-08-08,21,1372.8330655153482,901.2443350553513,,,0.38900002614499507,1.0415124893188477,0.2676779329776764,1828,,,,,783432,,
2022-08-09,44,1341.9998530009536,1534.8363771438599,,,0.3709943036168607,0.8319438695907593,0.2624865472316742,2765,,,,,,,
2022-08-10,10,1341.9999817842931,555.9465003013611,,,0.3198155459452493,0.6458309888839722,0.2573826313018799,1168,,,,,,,
2022-08-11,35,1411.5981396504596,1284.6022307872772,2.0,2,0.4608401862222156,1.1866722106933594,0.25334376096725464,2222,,,,,1768405,,
2022-08-12,41,1376.4775720176247,1503.2777004241943,1.0,1,0.49607440376649925,1.2735579013824463,0.2885250151157379,2854,,,,,876036,,
2022-08-13,22,1379.7630318979566,1012.5913599729538,,,0.38699090327973285,1.3174309730529785,0.2676779329776764,1915,,,,,959516,,
2022-08-14,47,1434.2605558490145,1756.7928714752197,,,0.473719009300623,1.225378394126892,0.2573826313018799,3336,,,,,2344231,,
2022-08-15,7,1341.999911110886,248.88281071186066,,,0.60147283451273,1.015606164932251,0.2779732346534729,660,,,,,,,
2022-08-16,49,1495.0683692894625,1234.5878034830093,10.0,10,0.4238249626577663,1.0303689241409302,0.26233789324760437,2516,51.29999923706055,51.29999923706055,51.29999923706055,,736168,,670000
2022-08-17,25,1481.6401334263373,427.4610950946808,12.0,12,0.42640772981776054,0.8291521072387695,0.2612137794494629,914,,,,,285813,,765000
2022-08-18,19,1485.4714967329526,222.3786015510559,12.0,12,0.33592268614617987,0.5469623804092407,0.2779732346534729,439,,,,,,,772000
2022-08-19,2,1336.3834566359878,96.80396056175232,,,0.5015410445166526,1.1385385990142822,0.2573826313018799,323,51.29999923706055,51.29999923706055,51.29999923706055,,35750,,
2022-08-20,17,1574.03254770198,84.0096926689148,17.0,17,0.372504315791199,0.8547762632369995,0.2867392897605896,456,,,,,,,1124000
2022-08-21,72,1503.7327309427421,2388.017462849617,11.0,11,0.43039881396768637,0.9993319511413574,0.2573826313018799,4148,51.60000038146973,51.900001525878906,51.29999923706055,,972168,,721000
2022-08-22,19,1514.8329527039366,294.033931016922,12.0,12,0.3615900427995942,0.7671447396278381,0.2666409909725189,775,,,,,90888,,769000
2022-08-23,71,1455.1878797672805,3267.633955001831,6.0,6,0.44071038186769845,1.31923508644104,0.25702565908432007,5690,,,,,2908321,,
2022-08-24,55,1423.705444908419,2806.5308287143707,15.0,15,0.4614709542732953,1.366546869277954,0.2573826313018799,4698,,,,,2106476,,
2022-08-25,59,1461.3357005451135,2462.686203479767,1.0,1,0.46109699901787493,1.4693516492843628,0.2573826313018799,4552,,,,,3064907,,
2022-08-26,30,1525.908248157442,665.6626785993576,14.0,14,0.330835695415655,1.1323285102844238,0.2573826313018799,1653,51.900001525878906,51.900001525878906,51.900001525878906,,281467,,879000
2022-08-27,36,1559.311819658583,636.6444058418274,17.0,17,0.40573025928801437,1.5101425647735596,0.26058274507522583,1407,,,,,643239,84547,1042000
2022-08-28,35,1440.7765499152451,1601.3683669567108,,,0.4306234476245886,1.1672707796096802,0.2573826313018799,3253,,,,,2541272,,
2022-08-29,145,1679.6684010194558,6143.330590605736,60.0,60,0.5714773551632182,2.735762596130371,0.26423314213752747,9683,,,,1938364,6380055,69950,
2022-08-30,156,1701.5679883386147,4300.4099769592285,71.0,71,0.5868623667405495,1.5688350200653076,0.24737006425857544,7223,,,,4029904,4857673,,
2022-08-31,20,1484.6502182350823,361.81621873378754,13.0,13,0.3047535096929506,0.9905756711959839,0.2573826313018799,1134,51.900001525878906,51.900001525878906,51.900001525878906,,2630,,841000
2022-09-01,45,1522.946744567085,941.046786904335,15.0,15,0.3370071295100032,0.6880525946617126,0.2536524534225464,2122,,,,,46818,,953000
2022-09-02,34,1591.6797873357732,532.2610418796539,19.0,19,0.3290129323524698,0.975315511226654,0.25455427169799805,1250,51.900001525878906,51.900001525878906,51.900001525878906,,379140,,1231000
2022-09-03,54,1446.6649157303088,2293.904960989952,10.0,10,0.5525505352032233,1.3504141569137573,0.2676779329776764,3868,,,,,2691244,,
2022-09-04,51,1461.966097691231,1974.3708876371384,,,0.48467626207115655,1.2937933206558228,0.2573826313018799,3537,,,,,3080960,,
2022-09-05,46,1415.4221839894708,1794.9239690303802,,,0.4362318569683839,1.3536862134933472,0.2562180459499359,3247,,,,,1895504,,
2022-09-06,1,1341.0000100133516,139.60434436798096,,,0.35147553897430034,0.43298017978668213,0.2985638380050659,402,,,,,,,
2022-09-07,31,1409.8864068393934,1376.475708603859,1.0,1,0.5085244550606257,1.1982603073120117,0.2567228674888611,2776,,,,,1754511,,
2022-09-08,103,1551.5123936781727,4795.102011084557,2.0,2,0.48824116696607744,1.5647532743744959,0.2567070902345785,8475,,,,,5361669,,
2022-09-09,140,1682.9514437216485,6414.564120531082,8.0,8,0.587062050647618,1.2605412081299845,0.2512251698073765,10658,,,,,8709364,,
2022-09-10,18,1349.572692552643,840.2077511548996,,,0.3419300603670063,0.6512091102370297,0.2573826471964518,2161,,,,,218343,,
2022-09-11,8,1355.4176222891742,390.39798867702484,,,0.3976752275646817,0.7799473675814541,0.2573826471964518,1177,,,,,367211,,
2022-09-12,32,1368.5709218642733,1272.8450634479523,3.0,3,0.37814291878691,1.250606051115232,0.2573826471964518,2602,51.900001525878906,51.900001525878906,51.900001525878906,,702221,,
2022-09-13,90,1553.2555839510762,3395.215544104576,2.0,2,0.5641133895488921,1.4976080449242855,0.2573826471964518,5961,,,,,5406065,,
2022-09-14,153,1677.8852509368664,7494.272746801376,24.0,24,0.5175967945885521,1.3436854546658896,0.2676779429117839,12035,,,,,8580333,,
2022-09-15,211,1817.1938290073592,8825.791267991066,46.0,46,0.5861179035407619,1.298827364315634,0.2573826471964518,14161,,,,1455178,10566419,,
2022-09-16,167,1720.5918517750627,8058.124698281288,25.0,25,0.6270500976428706,1.2713925094361518,0.2573826471964518,12838,,,,,9668051,,
2022-09-17,154,1650.1148997690868,6645.335811972618,27.0,27,0.5311850375425015,1.2587510691404031,0.2676779429117839,11171,,,,1053609,6564689,75199,
2022-09-18,203,1729.5098044929541,7476.126763701439,29.0,29,0.5086352095777649,1.6202990397564683,0.2573826471964518,12536,,,,1217184,8428946,67698,
2022-09-19,195,1763.9402242426063,8969.884879946709,32.0,32,0.5947411590063734,1.4637466730424764,0.24586440134853219,14462,,,,,10772120,,
2022-09-20,154,1658.932743353117,6824.257316052914,28.0,28,0.661243417991678,1.4697351537398637,0.2676779429117839,11090,,,,818175,7219360,,
2022-09-21,178,1721.2702008098659,9143.235083818436,50.0,50,0.6281128512289871,1.3697294226593322,0.2573826471964518,14436,,,,,9685327,,
2022-09-22,134,1611.5656161898887,6833.598311185837,16.0,16,0.5570453516166669,1.4651095606873454,0.261253049480884,11405,,,,,6891196,,
2022-09-23,172,1654.6582510511787,8189.597532749176,48.0,48,0.6681542629248579,1.7032350351485261,0.25483429345867004,13009,,,,,7828383,67660,
2022-09-24,212,1712.2145663318977,9701.111184597015,43.0,43,0.4829639073479587,1.6853681191777148,0.2573826471964518,15524,,,,,9454685,,
2022-09-25,162,1670.973055428437,5481.909081339836,58.0,58,0.6091428355874816,1.6597761724987168,0.2573826471964518,9129,,,,2546665,5670597,,
2022-09-26,189,1781.255678456624,9609.24826347828,42.0,40,0.5795925176984352,2.74229611231203,0.25714453892174083,15373,,,,,9682292,649050,
2022-09-27,119,1527.940827431925,4836.64387011528,8.0,8,0.5294152221637332,1.9764147053612995,0.2511050146831353,8576,,,,,4599953,67675,
2022-09-28,103,1545.881708706396,4969.986414654526,14.0,14,0.5622007437659003,1.5676609004836486,0.2573826471964518,7826,,,,,5218256,,
2022-09-29,174,1723.204149418896,7912.158972279754,62.0,62,0.5407255205710526,1.8125532629961025,0.2573826471964518,12496,,,,1394589,8237580,,
2022-09-30,78,1511.5285818221428,4115.400774717331,23.0,23,0.5731359837341871,1.526321207589477,0.2573826471964518,6605,,,,,4343294,,
2022-10-01,14,1374.08554150874,291.0312821865082,8.0,8,0.4269014098634309,0.8708913264094023,0.2573826471964518,683,,,,553827,248177,,
2022-10-02,6,1354.6901103222297,183.31160163879395,,,0.3725261520263656,0.9335926383722656,0.3088591460761887,485,,,,,348682,,
2022-10-03,4,1340.9999824762344,248.9404890537262,,,0.29507991646579906,0.6642132793586858,0.2573826471964518,639,,,,,,,
2022-10-04,16,1530.8229039176865,300.2111154794693,14.0,14,0.3471290036049908,0.6255375782424496,0.2573826471964518,802,51.900001525878906,51.900001525878906,51.900001525878906,,144654,,867000
2022-10-05,14,1366.203100424996,566.2211328744888,,,0.38608550336606134,1.2751179474327994,0.2573826471964518,1074,,,,,641914,,
2022-10-06,65,1450.5884358515434,2767.8466079235077,2.0,2,0.5023540838128078,1.4118999063843278,0.2573826471964518,4763,,,,,2791174,,
2022-10-07,130,1634.9147100441694,6167.715582535703,18.0,18,0.6983926681101577,1.440912299846003,0.26767796156012547,9946,,,,,7485891,,
2022-10-08,105,1561.3547496417639,5002.900638791054,24.0,24,0.6001944138214375,1.3095379390957473,0.25738265534627447,7958,,,,,5612348,,
2022-10-09,126,1627.9504800733937,6085.76203681383,7.0,7,0.6540961267751393,2.2777012662464946,0.26767796156012547,10176,,,,,7308515,,
2022-10-10,97,1529.105463681717,4917.477240341371,17.0,17,0.6296224256091099,1.3717960676423584,0.2568789719061219,7885,,,,,4790970,,
2022-10-11,131,1588.577902321623,6562.958949446972,26.0,26,0.5524797382367582,1.3308611269396906,0.25738265534627447,10815,,,,,6305710,,
2022-10-12,188,1770.7141477649106,8110.788936021291,29.0,29,0.5649716864597434,1.4691982963758694,0.2485073989954231,13311,,,,660284,10235872,,
2022-10-13,149,1673.4196052771763,8062.158503952207,40.0,33,0.6687426832521405,3.1390601223372583,0.24861730175863048,12723,,,,,8064362,139814,
2022-10-14,215,1809.3937777502965,10647.641072042437,28.0,28,0.5884730408418981,1.4854591522086362,0.2567990195815499,17021,,,,,11929800,,
2022-10-15,214,1786.79739250751,9535.398533071813,34.0,34,0.4479697023364041,1.5147441228455072,0.25738265534627447,15348,,,,787604,10027905,203907,
2022-10-16,165,1703.4115192318372,7436.945586082645,12.0,12,0.6048563483952748,1.3929336326843471,0.25738265534627447,12184,,,,,9230475,,
2022-10-17,233,1858.1232573141979,11735.456966056094,60.0,60,0.5468101543294505,1.6540842604408228,0.2531632666396766,18782,,,,,13170920,,
2022-10-18,249,1844.6854241863198,11216.763367476566,27.0,27,0.6672705806800152,1.9151214152369973,0.25738265534627447,18298,,,,,12828666,,
2022-10-19,89,1525.5215409292623,4711.2628805736895,22.0,22,0.532185230667362,1.3456147339066993,0.2779732677739764,7408,,,,,4699690,,
2022-10-20,105,1588.8729309744683,5167.080847552849,20.0,20,0.5233634012233868,1.337735996844038,0.25738265534627447,8506,,,,,6313223,,
2022-10-21,113,1559.4793333248422,5622.219202653546,29.0,29,0.7080404815192645,1.6739937925317643,0.25738265534627447,8790,,,,,5564581,,
2022-10-22,135,1615.654103948222,7555.173332650191,61.0,61,0.684035794595707,2.1195584352480297,0.26767796156012547,11568,,,,,6995330,,
2022-10-23,27,1358.4880071339087,872.1598967854733,,,0.36721963455468143,1.0947660583084091,0.25738265534627447,1463,,,,,445412,,
2022-10-24,12,1358.8434031908898,525.7757667274736,,,0.3445895274567919,1.3555101954814153,0.2779732677739764,1089,,,,,454465,,
2022-10-25,19,1388.4707814438336,763.5768668375537,,,0.43803889526377937,1.3467954867683014,0.2882685739878274,1559,,,,,1209062,,
2022-10-26,105,1626.0414144317688,5549.242042716906,32.0,32,0.6731413738996804,1.6653718776376345,0.271272144221288,8843,52.099998474121094,52.099998474121094,52.099998474121094,,7318569,,
2022-10-27,57,1433.0495666201643,2916.457768697142,18.0,18,0.6159659312139464,1.3418366740504561,0.30141347607858315,4694,,,,,2742792,,
2022-10-28,95,1518.1021733997247,4173.407334478833,16.0,16,0.5912469669402681,1.3393486291310899,0.2813192606739283,6736,,,,,4886932,,
2022-10-29,99,1551.8478915937571,5106.362655296442,31.0,31,0.5043607202797202,1.2866627912784305,0.2511779113160074,8288,,,,,5737648,,
2022-10-30,38,1383.9633210621255,1338.2728353611055,1.0,1,0.5359646490901466,1.1612949707258724,0.30141347003830604,2414,,,,,1505349,,
2022-10-31,75,1465.7609152019738,3669.5678067758913,17.0,17,0.6024018306992069,1.375026140585309,0.2511779113160074,5980,,,,,3567433,,
2022-11-01,78,1488.9697190758511,3382.647999262124,13.0,13,0.45592254742241073,1.3497259718081371,0.2787424416577148,5506,,,,,4152515,,
2022-11-02,92,1523.8532551826079,4415.12200997348,9.0,9,0.4973484803528162,1.412383483773281,0.2491407899672208,7334,,,,,5031913,,
2022-11-03,118,1577.7953477382462,5432.408095540057,16.0,16,0.43429194780957797,1.3416739536297104,0.2511779113160074,9082,,,,,6391771,,
2022-11-04,121,1589.021815484521,5848.090842155866,28.0,28,0.5568829062205405,1.6771321128735759,0.27255474328493073,9417,,,,,6674786,,
2022-11-05,34,1325.1128564365652,1123.0666770761322,,,0.34658041045645477,0.7016510920522563,0.2612250277686477,2282,,,,,21753,,
2022-11-06,29,1341.790391317961,1018.2594316011782,,,0.498268205221893,1.1368245442196405,0.3001935776078515,1959,,,,,442187,,
2022-11-07,127,1603.3339071161904,5955.077666221272,32.0,32,0.5636591244094887,1.562650009037105,0.2511779113160074,9676,,,,,7035587,,
2022-11-08,118,1580.9271522903728,5716.146613279689,29.0,29,0.5673050287646525,1.3417814046005208,0.25856549257015005,9362,,,,,6311647,67695,
2022-11-09,111,1580.9365466030667,6409.752573342456,47.0,43,0.7039046404841482,2.225450427971394,0.2612250277686477,10045,,,,,6015207,189226,
2022-11-10,98,1574.8004081271565,5062.413322788453,30.0,30,0.621101329919238,1.6582814096235938,0.26211708092979547,8121,,,,,6316270,,
2022-11-11,102,1551.2398190067165,5340.006092891313,16.0,16,0.5065220435535452,1.4023650042366826,0.2511779113160074,8692,,,,,5722317,,
2022-11-12,104,1536.0405575555885,4498.419937644478,,,0.5328306768661003,1.5177414111928378,0.2511779113160074,7735,,,,,5339150,,
2022-11-13,54,1432.0943395738475,2364.9585362315047,1.0,1,0.4985402626453912,1.1711952630154667,0.2511779113160074,3974,,,,,2718708,,
2022-11-14,80,1476.1625535359499,3834.688837874671,21.0,21,0.46878796352395763,1.356509085553413,0.2612250277686477,6204,,,,,3829651,,
2022-11-15,135,1635.6525982916696,6624.65247003413,29.0,29,0.7077963155674899,1.6377132233935188,0.2511779113160074,10767,,,,,7850327,,
2022-11-16,104,1578.3372654665825,5195.032419468176,22.0,22,0.5258171687988639,1.3377716241559725,0.26022936416071796,8591,,,,,6405431,,
2022-11-17,129,1635.2024122385285,5721.633102719877,24.0,24,0.5793576732401404,1.5080286487408034,0.2511779113160074,9439,,,,,7838976,,
2022-11-18,130,1605.2279435143091,5869.327856670505,22.0,22,0.525939446098311,2.1482696928047336,0.24869099079721962,9643,,,,,7083338,,
2022-11-19,37,1377.152120588129,1248.0487753492348,,,0.4571410845329292,1.0477757348637693,0.2612250277686477,2613,,,,,1333642,,
2022-11-20,14,1332.196356847369,538.5443065053956,,,0.3818632302932855,0.8214346159869614,0.2612250277686477,1275,,,,,200325,,
2022-11-21,94,1524.7939706361453,4645.70655736966,28.0,28,0.6558391959556509,1.5368655801812101,0.29136637712656854,7427,,,,,5055629,,
2022-11-22,78,1512.0709050012233,4119.991828967773,27.0,27,0.6555107393342576,1.3372620721541617,0.2511779113160074,6613,,,,,4734885,,
2022-11-23,85,1529.8892321296207,4551.644917035323,24.0,24,0.6759308503399564,1.3550866649394866,0.2506209831911239,7194,,,,,5184078,,
2022-11-24,89,1516.6255658335344,4288.378832255822,16.0,16,0.48548726951754106,1.3820395966240044,0.24949116356069778,7144,,,,,4849708,,
2022-11-25,88,1475.7585895511759,4360.105141005786,24.0,24,0.6579993687368253,1.34796398225528,0.2511779113160074,7090,,,,,3819466,,
2022-11-26,101,1527.8839114169998,4500.562471998841,11.0,11,0.5770085266587204,2.6980468143002034,0.2511779113160074,7577,,,,,5133526,,
2022-11-27,72,1496.4534347265978,3826.4749086494294,16.0,16,0.5722835311557462,1.3518340476400041,0.267131610879194,6177,,,,,4341176,,
2022-11-28,73,1466.5565653591357,3905.1423497759934,21.0,20,0.4435609745949141,1.8476483663472418,0.2511779113160074,6227,,,,,3575733,,
2022-11-29,67,1469.182904754065,3925.8144915941843,30.0,30,0.582686381223073,1.3829251961746971,0.2703898219917195,6294,,,,,3653697,,
2022-11-30,101,1545.9718058462595,5356.092756030189,33.0,33,0.5713368238163957,1.652964210176059,0.25004134948898554,8578,,,,,5589515,,
2022-12-01,129,1589.3131974075454,6630.508113463553,50.0,50,0.7254945141030474,1.3872638666653136,0.30141346785859296,10648,,,,,6682133,,
2022-12-02,109,1549.3811983190733,5527.903410772829,42.0,42,0.612907960293488,1.8295074115537773,0.3014134627144703,8732,,,,,5675462,,
2022-12-03,13,1346.1454643464676,492.1772004081936,,,0.3505353458229704,0.9597098601108237,0.30141347153296644,883,,,,,551976,,
2022-12-04,29,1395.2549462147463,1437.496755626124,,,0.5253917233701392,1.0631040170851973,0.2511779113160074,2382,,,,,1790005,,
2022-12-05,91,1526.4973493020389,4870.355885680026,39.0,39,0.5299273231418556,1.3540009563844093,0.2511779113160074,7707,,,,,5098570,,
2022-12-06,54,1443.8028839396684,2736.546268652593,16.0,16,0.45955170734566336,1.7207582109371926,0.271272144221288,4319,,,,,3013879,,
2022-12-07,48,1439.1411187837186,2556.498185814173,19.0,19,0.48399348329637226,1.3955478839460518,0.30141346785859296,3994,,,,,2896356,,
2022-12-08,58,1463.4002610293842,3094.3784776838565,17.0,17,0.7001712422206644,1.2674686088124456,0.2813192606739283,4997,,,,,3507919,,
2022-12-09,51,1441.759791873094,2795.7058144021485,16.0,16,0.5264467764494445,1.6149031606447772,0.2612250277686477,4557,,,,,2962372,,
2022-12-10,130,1580.5366006463203,6044.270706259985,17.0,17,0.4797201097976236,1.439857360076378,0.2602130863767795,9908,,,,,6460876,,
2022-12-11,21,1358.6073732704972,693.1261619207207,,,0.4319442457705968,0.9828160599323409,0.271272144221288,1261,,,,,866136,,
2022-12-12,59,1467.7306497905815,3116.9250887614257,17.0,17,0.7546409938152165,1.2975962051540713,0.271272144221288,5094,,,,,3617087,,
2022-12-13,139,1614.7417698838387,7148.9821753859205,35.0,35,0.6158529276910719,1.603915843290057,0.26399975287675914,11351,,,,,7323173,,
2022-12-14,59,1421.2198227210315,3081.203198447573,20.0,20,0.42180638061007153,1.2761986053159586,0.26874476606956976,4992,,,,,2444569,,
2022-12-15,85,1495.6008554396758,4074.0773483607486,16.0,16,0.495710883089068,1.387263912603218,0.2511779113160074,6816,,,,,4319683,,
2022-12-16,101,1491.520587339501,4445.738127943937,22.0,22,0.6126739050310596,1.6605237295719224,0.2511779113160074,7235,,,,,4216820,,
2022-12-17,33,1382.7697575688278,1263.1387824298638,,,0.49950441425589365,1.1607735338495448,0.2612250277686477,2409,,,,,1475258,,
2022-12-18,14,1336.282515726617,588.258959049466,,,0.33844765732759835,1.10121151847977,0.2612250277686477,1091,,,,,303335,,
2022-12-19,126,1594.2896692904324,6219.1583621386135,35.0,35,0.6087826163476412,1.5361717049384538,0.2511779113160074,9871,,,,,6807408,,
2022-12-20,64,1444.7977740568986,2989.2106128290275,10.0,10,0.4683629327394436,1.4383251051184862,0.2511779113160074,4974,,,,,3038958,,
2022-12-21,133,1595.7220941983956,6861.818547766474,34.0,34,0.4281858951305816,1.6817871438867027,0.2511779113160074,11094,,,,,6843697,,
2022-12-22,100,1574.0516591193962,4354.022802178988,28.0,28,0.5644745293803308,1.4860511341871236,0.2511779113160074,7266,,,,615962,5636485,,
2022-12-23,100,1505.2006640288014,4763.163669182395,22.0,22,0.48820626949806273,2.1660526220196186,0.2653551182737303,7738,,,,,4561690,,
2022-12-24,18,1331.8723159524052,525.6651328021404,,,0.382334295977272,0.7196205775039076,0.25983922483208105,1041,,,,67661,119558,,
2022-12-25,5,1335.2566581073213,258.7230222280426,,,0.6332187710027595,1.1735358145876176,0.30141347153296644,494,,,,,277474,,
2022-12-26,99,1521.8508864208866,3899.1267765353705,39.0,39,0.6169978185301418,1.3296606705897833,0.2747808847496294,6571,,,,1091052,3810775,,
2022-12-27,67,1451.2505319967843,3319.339291204139,17.0,17,0.6978995459704429,1.314497535982572,0.2527094902540896,5337,,,,,3201630,,
2022-12-28,60,1448.9805645146841,3092.572667999815,20.0,20,0.6859929391463292,1.8311497054852,0.2511779113160074,4942,,,,,3144405,,
2022-12-29,79,1476.6416154548006,3210.838391194037,7.0,7,0.5410764137076943,1.419926016256169,0.2511779113160074,5436,,,,,3841729,,
2022-12-30,161,1509.9406481810743,7038.573582998173,37.0,37,0.5950206711844817,1.555562761459233,0.24545072767036552,11551,,,,,4681183,,
2022-12-31,45,1373.822884454923,1472.5768886394744,1.0,1,0.39640217799298416,1.2018396610067321,0.2511779113160074,2751,,,,,1249713,,
2023-01-01,24,1354.970578014534,836.2232817450056,,,0.4778137786833371,1.218629599378989,0.2740122707014515,1751,,,,,774454,,
2023-01-02,102,1529.9065500854663,5399.448019670697,36.0,36,0.7025416325330668,1.7224394845375441,0.24545072767036552,8822,,,,,5184515,,
2023-01-03,59,1484.4507006894992,2808.723323791103,12.0,12,0.4587830287532544,1.304872136051032,0.2511779113160074,4644,,,,,3402509,270685,
2023-01-04,75,1478.3811944212705,3525.1604325517565,16.0,16,0.4059848673598432,1.3540010329577685,0.2511779113160074,5775,,,,,3885583,,
2023-01-05,82,1484.442469651938,3883.794568914745,11.0,11,0.5923705024324843,1.7159882724629463,0.2511779113160074,6527,,,,,4038386,,
2023-01-06,91,1457.9725711132937,3776.0923297142876,15.0,15,0.6111067917917238,1.353670028858949,0.2756158550076836,6339,,,,,3371091,,
2023-01-07,91,1481.2579635765053,3947.437633853464,13.0,13,0.45548555463399565,1.3813381479165274,0.2511779113160074,6590,,,,,3958104,,
2023-01-08,106,1442.129887320871,3854.7075984900684,5.0,5,0.43847738931442637,1.2546674413163454,0.2524401154537335,6593,,,,,2971703,,
2023-01-09,121,1546.2584578210738,5311.193480596497,22.0,22,0.7080284620429277,1.879522548869975,0.2612250277686477,8595,,,,,5588911,,
2023-01-10,53,1428.1230626616305,2674.9422495769927,16.0,16,0.5283833378257355,1.4577497821055934,0.2511779113160074,4279,,,,,2618596,,
2023-01-11,77,1469.4493462520982,3792.2308550627085,19.0,19,0.6264725993426626,1.6894953969437676,0.2511779113160074,6237,,,,,3660414,,
2023-01-12,35,1379.5379744646275,1721.5960163797226,8.0,8,0.6455233066871473,1.6216833897166505,0.2511779113160074,2862,,,,,1393786,,
2023-01-13,87,1478.1882743528454,4006.7717630665065,35.0,35,0.42040712716328993,1.7873720146557188,0.2511779113160074,6532,51.900001525878906,51.900001525878906,51.900001525878906,584717,3260928,,
2023-01-14,11,1322.2500003576279,404.18326879299707,,,0.46786407217564446,0.7228378778464486,0.32526635523312086,751,,,,,,,
2023-01-15,13,1335.6389253246757,463.5308106235459,,,0.4117619443455236,1.1797469109754375,0.2813192606739283,969,,,,,339136,,
2023-01-16,10,1322.2500003576279,347.94501634386467,,,0.469002082181545,0.984730867518017,0.3014134795497815,715,,,,,,,
2023-01-17,14,1339.6946559515181,489.55357951449554,,,0.5411479373826639,0.9716884953626586,0.25622478913689267,988,,,,,441866,,
2023-01-18,70,1450.3846117130365,2900.979775193411,6.0,6,0.6246622973518063,1.4564077929339612,0.30141346785859296,4997,,,,,3245598,,
2023-01-19,63,1422.1026591823618,2380.0752626770027,,,0.3707859960222309,1.026889960271675,0.2899630423216583,4065,,,,,2529228,,
2023-01-20,61,1430.739988065438,2697.614517040463,7.0,7,0.47741029105689176,1.7986446314839706,0.24706023753919235,4600,,,,,2748006,,
2023-01-21,38,1390.5697223439624,1386.1820524143202,,,0.40757900050923396,1.0359627503017936,0.3014134643828344,2477,,,,,1730511,,
2023-01-22,29,1352.0406922860718,1208.0443802618495,,,0.4032517263076105,1.0863349481949407,0.2511779113160074,2032,,,,,754586,,
2023-01-23,78,1461.6099777846962,3893.8440850082925,27.0,27,0.45110226212234195,1.5747029390370222,0.2511779113160074,6293,,,,,3529931,,
2023-01-24,31,1374.2528368457442,1136.0098800144926,,,0.4205142867348359,0.921557301387018,0.2511779113160074,2075,,,,,1118254,84622,
2023-01-25,46,1424.6586175863308,1853.5676615196749,6.0,6,0.4353096974996223,1.4243849009723584,0.2881158352878642,3022,,,,,2593967,,
2023-01-26,32,1334.9486654757543,1061.9080827689902,,,0.3949997058334871,1.1941034816228397,0.3014134663456157,1780,,,,,321652,,
2023-01-27,41,1348.089106372274,1939.080461971195,4.0,4,0.41820599641452094,1.3455655117330674,0.271272144221288,3395,,,,,654494,,
2023-01-28,8,1322.2500003576279,202.56566291758634,,,0.3629252143204225,0.49084223900554297,0.3014134728491599,360,,,,,,,
2023-01-29,14,1322.2500003576279,459.0439518243477,,,0.3207697176706631,1.281624672318737,0.271272144221288,918,,,,,,,
2023-01-30,90,1322.250000357628,3970.4945779912255,18.0,18,0.43362775055760666,1.8131037368855594,0.2511779113160074,6659,,,,,,,
2023-01-31,6,1322.2500003576279,224.8544662100898,,,0.3028864672982416,0.4361288399339975,0.2612250277686477,454,,,,,,,
2023-02-01,27,1328.9125633926315,1044.4196134215872,,,0.5322305220804843,1.1488290662654126,0.271272144221288,2069,,,,,168760,,
2023-02-02,19,1329.1188438610952,647.867873904937,,,0.3737831529736998,0.7931934041558129,0.2511779113160074,1358,51.900001525878906,51.900001525878906,51.900001525878906,,173985,,
2023-02-03,36,1427.5687686501788,1108.449705579569,8.0,8,0.4343833613035954,1.1667713719162598,0.2511779113160074,2171,50.45000076293945,50.45000076293945,50.45000076293945,,154516,,550000
2023-02-04,17,1336.7288825720161,659.1798113106113,,,0.44241452813228205,1.1220633296755138,0.2511779113160074,1303,,,,,760265,,
2023-02-05,89,1521.2393068323527,3475.9908037014043,4.0,4,0.42939650428998677,1.2815495293836345,0.2511779113160074,6313,,,,,5600931,,
2023-02-06,18,1336.292564279832,703.6292289956577,,,0.45560939318804555,1.1478500778092722,0.3014134643828344,1302,,,,,748819,,
2023-02-07,,1307.7499927282333,27.1272144221288,,,0.6503854380784393,0.6614089200797687,0.6393619560771098,174,,,,,,,
2023-02-08,12,1333.2269659768801,204.96117563386204,8.0,8,0.2815663806142715,0.7918909575886041,0.2511779113160074,515,,,,575245,50849,,
2023-02-09,13,1343.9911253526561,506.933668507366,,,0.3432668688382547,0.9304011318375291,0.2511779113160074,1135,,,,,950792,,
2023-02-10,69,1452.5162015946164,3036.7045795244235,13.0,13,0.6196920897325905,1.357262909802334,0.2721094039256747,5214,,,,,3797965,,
2023-02-11,16,1345.5203964231255,672.1607718044263,,,0.4496660738914714,1.1745052056908813,0.2511779113160074,1764,,,,,990913,,
2023-02-12,35,1376.38105545643,1494.3026680521716,6.0,6,0.45117479435965663,1.1841998627274415,0.2511779113160074,2914,,,,,1615816,78265,
2023-02-13,24,1538.755481515208,369.70570944635654,15.0,15,0.33507406241559035,0.7495885118240879,0.2612250277686477,986,50.45000076293945,50.45000076293945,50.45000076293945,,101498,86532,981000
2023-02-14,41,1560.5378873018888,1006.0973094967409,16.0,16,0.35799794064346313,1.1662455758247863,0.25290225013720596,2170,,,,,1019755,,970000
2023-02-15,111,1543.6494205217311,5080.107621014066,7.0,7,0.582140133366982,1.4008246711828556,0.2511779113160074,8566,,,,,6188860,,
2023-02-16,39,1375.41202749408,1778.5633245500492,6.0,6,0.515787119270879,1.5567207496986002,0.2511779113160074,3108,,,,,1775128,,
2023-02-17,81,1442.0513507657174,3898.7649232402923,20.0,20,0.5540042287096667,1.4792132316670417,0.2813192606739283,6418,,,,,3523419,,
2023-02-18,39,1375.6584657482122,1805.7216334913514,1.0,1,0.37882208259906336,1.390780571840301,0.2511779113160074,3201,,,,,1781590,,
2023-02-19,8,1321.9735658597124,321.5634874195215,1.0,1,0.2935308691107608,1.1699953180813176,0.25457221042071654,749,,,,,169289,86373,
2023-02-20,105,1510.9037348910458,5026.824082589637,13.0,13,0.5487125948696575,1.6071203998714674,0.2511779113160074,8211,,,,,5329770,,
2023-02-21,113,1550.5230215770025,5570.40058903432,34.0,34,0.6679067804245166,1.292785905081081,0.2511779113160074,8990,,,,341530,6002547,,
2023-02-22,62,1446.34524716056,3086.6759539179843,16.0,16,0.5260094610886704,1.3061449672134473,0.2511779113160074,5183,,,,,3636070,,
2023-02-23,149,1646.224803235028,7431.6408733965545,9.0,9,0.5255439298384459,1.3685747147495524,0.2612250277686477,12014,,,,,8879942,,
2023-02-24,115,1539.441236752053,5523.296542377807,29.0,29,0.6771595855865821,1.4540405407357944,0.2612250277686477,9061,,,,,6078458,,
2023-02-25,23,1307.7499927282333,717.9669417056755,,,0.3669967742428181,0.6746582571252561,0.24742898519845158,1420,,,,,,,
2023-02-26,6,1319.1079555814758,347.8311715904071,,,0.3650903081548965,0.49118081030611876,0.2511779113160074,777,,,,,297978,,
2023-02-27,93,1465.3530503547531,3948.415146472488,14.0,14,0.5457979106495965,1.4260390988406153,0.2612250277686477,6532,,,,,4134743,,
2023-02-28,119,1566.8835221719814,5334.747446953351,6.0,6,0.5088037228987672,1.2155136142775091,0.2511779113160074,8903,,,,,6798410,,
2023-03-01,80,1452.2899198482621,3638.2260967366606,15.0,15,0.49115285297615624,1.6372816280963618,0.2511779113160074,6039,,,,,3792030,,
2023-03-02,63,1432.1867663208516,2722.514086727236,7.0,7,0.4265145666173768,1.4457035580237285,0.2612250277686477,4676,,,,,3264619,,
2023-03-03,81,1482.9562246856494,4086.5262535899496,20.0,20,0.5025086357903971,1.7292952401464468,0.24920013309993683,6837,,,,,4420608,74548,
2023-03-04,175,1763.0485167821346,6710.0404581785915,5.0,5,0.5213198010439045,1.4436154377245838,0.2511779113160074,11710,,,,,11944834,,
2023-03-05,94,1501.1089930951787,4152.476059278727,12.0,12,0.47584046726732127,1.5526265026790733,0.25117790043519783,7210,,,,,5072805,,
2023-03-06,89,1497.632464023214,4580.4224612494445,33.0,33,0.6777543175675463,1.3990058740486493,0.271272144221288,7340,,,,,4981597,,
2023-03-07,99,1492.5834228277363,4548.151939080292,20.0,20,0.5828761952937711,1.6471498552134207,0.2511779113160074,7371,,,,,4849134,,
2023-03-08,71,1462.2211839961392,2762.5545289744837,21.0,21,0.5831827131471718,1.7773325568512368,0.3014134674628912,4492,,,,583693,3425966,,
2023-03-09,111,1358.6920628477274,5513.187114276192,32.0,32,0.5405144284875941,1.2479240331378854,0.2612250277686477,8795,,,,,1336475,,
2023-03-10,76,1351.5950988079132,3174.7589385418496,13.0,13,0.6668303053315255,1.84746902398181,0.2511779113160074,5175,,,,,1150285,,
2023-03-11,147,1655.3083139633773,5861.985581236754,6.0,6,0.5592102173120792,1.2940561614322834,0.2511779113160074,10249,,,,,9118251,,
2023-03-12,37,1317.182066988617,1666.261614711575,2.0,2,0.3916441333466936,1.2997287477705803,0.2511779113160074,3073,,,,,247452,,
2023-03-13,125,1307.7499927282336,6546.134234660646,39.0,39,0.528652382301572,1.445076404396497,0.2813192606739283,10373,,,,,,,
2023-03-14,56,1307.7499927282333,2642.822258183727,13.0,13,0.591537506222546,1.2676614063816298,0.271272144221288,4237,,,,,,,
2023-03-15,67,1330.3667004477966,3179.0637909841644,19.0,19,0.6493213860922046,1.2657354087697144,0.3014134627144703,5176,,,,,593353,,
2023-03-16,132,1319.4016835135617,5695.958620121821,23.0,23,0.48689964340271547,1.6155367910833747,0.271272144221288,9268,,,,,305684,,
2023-03-17,110,1338.4294207441449,5151.89623146395,29.0,29,0.520175239707788,1.2530319046012375,0.2612250277686477,8490,,,,,804879,,
2023-03-18,25,1307.7499927282333,949.5510509229646,,,0.3184462088225459,0.9274700704568215,0.2511779113160074,1898,,,,,,,
2023-03-19,7,1307.7499927282333,274.35506620191325,,,0.35346525219561215,1.1445305851060041,0.2612250277686477,639,,,,,,,
2023-03-20,115,1307.7499927282333,5215.432503343222,27.0,27,0.4442002127845689,1.311056100148302,0.3014134627144703,8388,,,,,,,
2023-03-21,121,1307.7499927282333,5590.225262024606,27.0,27,0.5790739629159847,1.3679831125271886,0.2813192606739283,9156,,,,,,,
2023-03-22,139,1307.7499927282333,6041.150975962792,25.0,25,0.5689555101441177,1.2295584785507045,0.2813192606739283,9918,,,,,,,
2023-03-23,51,1307.7499927282333,1899.2526189029531,4.0,4,0.47417729059349883,1.1657448864458138,0.29952177709231004,3165,,,,,,,
2023-03-24,91,1367.8425772322819,4408.367032424236,28.0,28,0.4240575639699034,1.6828324622573152,0.2511779113160074,6986,,,,,1576540,,
2023-03-25,4,1307.7499927282333,202.54986768522835,,,0.2876998475812259,0.6877490428890679,0.2511779113160074,510,,,,,,,
2023-03-26,16,1307.7499927282333,594.3874093382,,,0.3773700221461711,0.574835020922206,0.271272144221288,1120,,,,,,,
2023-03-27,117,1307.7499927282333,4890.915257372617,19.0,19,0.5320249375746134,1.4740805805630646,0.269311574765714,8032,,,,,,,
2023-03-28,67,1307.7499927282333,2471.301202336898,7.0,7,0.4400750058188104,1.2127296550259719,0.271272144221288,4101,,,,,,,
2023-03-29,39,1307.7499927282333,1889.6713053384071,5.0,5,0.5206999715105288,1.2360869627550874,0.29136637712656854,3070,,,,,,,
2023-03-30,139,1307.7499927282333,6354.222330470044,22.0,22,0.46357579781096336,1.7880105144716292,0.26119019911515723,10362,,,,,,,
2023-03-31,138,1307.7499927282333,6333.185456617027,38.0,38,0.5687582717723026,1.4289146328301272,0.2511779113160074,10010,,,,,,,
2023-04-01,126,1390.4190945827565,5851.475456502047,38.0,38,0.5736188126706575,1.3101865569207363,0.2612250277686477,9587,,,,,2168839,,
2023-04-02,29,1307.7499927282333,942.2185809286069,,,0.31011143945952474,0.7905927845077864,0.2813192606739283,1748,,,,,,,
2023-04-03,140,1307.7499927282333,6563.567283660788,32.0,32,0.43636369994362906,1.321593892597054,0.2511779113160074,10740,,,,,,,
2023-04-04,102,1307.7499927282333,4174.843607073441,4.0,4,0.3946209882187998,1.1417360875764404,0.2511779113160074,7064,,,,,,,
2023-04-05,161,1307.7499927282333,6752.990166746398,22.0,22,0.553590129251745,1.6461882268687609,0.2511779113160074,11115,,,,,,,
2023-04-06,105,1307.749992728233,5084.145457504043,28.0,28,0.4432888335896852,1.372074356707206,0.2612250277686477,8497,,,,,,,
2023-04-07,11,1307.7499927282333,628.7131121870316,,,0.31216904954070485,0.8755089053216945,0.271272144221288,1282,,,,,,,
2023-04-08,33,1307.7499927282333,1379.2544978575918,,,0.3201781005419669,1.095554163375689,0.24973019375484345,2563,,,,,,,
2023-04-09,17,1307.7499927282333,524.4594788278234,,,0.3941382840216629,0.7961167213701462,0.2813192606739283,1152,,,,,,,
2023-04-10,156,1307.7499927282333,6505.677518793187,24.0,24,0.40896914793025524,1.60920980886286,0.2511779113160074,10856,,,,,,,
2023-04-11,126,1307.7499927282333,5115.2546571226385,11.0,11,0.4391653094330818,1.2998028858552026,0.2511779113160074,8753,,,,,,,
2023-04-12,81,1307.7499927282333,3543.089773570814,20.0,20,0.38977203110855163,1.328240063623485,0.2511779113160074,5750,,,,,,,
2023-04-13,92,1329.2092088064726,4008.382095096531,13.0,13,0.3853149289124465,1.1929306429138622,0.2511779113160074,6549,,,,,562987,,
2023-04-14,108,1307.7499927282333,4525.67639405784,8.0,8,0.4040798322082077,1.5391404251120044,0.29136637712656854,7406,,,,,,,
2023-04-15,35,1307.7499927282333,1108.3257340767739,,,0.3501337791210767,1.0222462960666225,0.3014134728491599,1917,,,,,,,
2023-04-16,30,1307.749992728233,1127.0666892529916,,,0.39768709111784206,0.9605352359193637,0.3014134643828344,1926,,,,,,,
2023-04-17,40,1330.9696317259868,1559.5888255362897,3.0,3,0.38444747543169466,1.247407509906001,0.2813192606739283,2605,,,,,609171,,
2023-04-18,38,1307.7499927282333,1709.2252690450573,10.0,10,0.3501357549648075,1.4733419884104044,0.2612250277686477,2868,,,,,,,
2023-04-19,38,1307.7499927282333,1703.92837014596,7.0,7,0.43263762428909763,1.4374180328534951,0.271272144221288,2778,,,,,,,
2023-04-20,86,1307.7499927282333,3779.2643834268833,12.0,12,0.38888220382946775,1.21623641790799,0.2612250277686477,6363,,,,,,,
2023-04-21,166,1367.8502785304447,8064.573187914795,51.0,51,0.6370763886690576,1.5356624506505783,0.2612250277686477,12733,,,,,1576741,,
2023-04-22,19,1307.7499927282333,710.0282778680554,,,0.3477918606663639,0.6997991652765684,0.2511779113160074,1467,,,,,,,
2023-04-23,8,1331.1235403326602,292.37108877183266,,,0.41152853240840465,0.7104413963602902,0.2813192606739283,581,,,,,613209,,
2023-04-24,116,1524.6494870629274,6109.953114740206,44.0,44,0.5290077947900267,1.6466353546395274,0.26063220668940135,9694,,,,,5690397,,
2023-04-25,60,1416.0415133303109,2554.8584373119306,11.0,11,0.4231434021044234,1.2525069799331503,0.2511779113160074,4401,,,,,2841045,,
2023-04-26,56,1432.4366838722954,2312.9063536174326,10.0,10,0.5437981732476491,1.3385365112616183,0.2813192606739283,3792,,,,,3271175,,
2023-04-27,,1307.7499927282333,,,,,,,11,,,,,,,
2023-04-28,78,1460.2633748498429,4183.130307192827,29.0,29,0.7167366389593908,1.3711176667142932,0.29136637712656854,6656,,,,,4001214,,
2023-04-29,10,1339.3739631583364,403.9202873508614,,,0.5181359987102385,1.2791560951830636,0.30026360946514613,696,,,,,829660,,
2023-04-30,30,1379.9062070127568,1204.479544920228,,,0.38603103101284286,1.2159611032813529,0.24955752047128069,2167,,,,,1893030,,
2023-05-01,28,1380.9065238839016,1145.4706831780372,,,0.3886807945509625,1.4541746545841756,0.2511779113160074,2243,,,,,1919273,,
2023-05-02,60,1440.1461190197547,2991.8839071388725,11.0,11,0.5704898887590577,1.4100562985034888,0.2813192606739283,4876,,,,,3473434,,
2023-05-03,204,1723.57123993428,9997.798594409433,13.0,13,0.6446252563920357,1.4341830826614983,0.24979017714662394,16168,,,,,10909140,,
2023-05-04,59,1437.3845381805945,2503.0894234577013,7.0,7,0.5041112667107989,1.4538070247551451,0.25087924554749846,4245,,,,,3400983,,
2023-05-05,70,1466.3186258590226,3626.714141457419,18.0,18,0.6355968918261079,1.282472296058313,0.2511779113160074,6221,,,,,4160073,,
2023-05-06,11,1307.7499927282333,377.97252094832794,,,0.4321447481554327,0.6911392252160524,0.28368326477914735,740,,,,,,,
2023-05-07,29,1338.3371205009075,1034.7334247885037,,,0.49841319994812644,1.2020683592304215,0.2511779113160074,1961,,,,,802457,,
2023-05-08,111,1515.3712928275384,5879.251587732606,49.0,49,0.6042174758071436,1.341091825218437,0.2511779113160074,9220,,,,,5446980,,
2023-05-09,68,1441.2817207547293,3031.604196319095,10.0,10,0.5919725998947505,1.4489405339858736,0.2813192606739283,4960,,,,,3503227,,
2023-05-10,69,1403.091803596313,2885.5636283001563,15.0,15,0.45968648589514416,1.351834007313223,0.2511779113160074,4749,,,,,2501309,,
2023-05-11,39,1360.0590225125,1522.8413889545766,4.0,4,0.3487725158616514,1.3420067130670577,0.3014134663456157,2440,,,,,1372336,,
2023-05-12,40,1374.7370581780033,1964.637239852393,15.0,15,0.6238101764774876,1.1977017616463659,0.27796753397847695,3238,,,,,1757415,,
2023-05-13,96,1499.3540002444167,4067.3333702441105,53.0,53,0.5512114815130955,1.5817954621318084,0.271272144221288,6645,,,,1355030,3572096,,
2023-05-14,84,1378.2474578404917,2860.5654040410654,,,0.4907794358217177,1.3704523544868772,0.2511779113160074,5337,,,,,1849513,,
2023-05-15,118,1553.8712579535975,5330.684384895086,65.0,65,0.5348952703910929,1.7714446810180031,0.2511779113160074,8230,,,,1348020,5004707,,
2023-05-16,133,1581.6212771979008,6972.140376824586,41.0,41,0.587703425770801,1.3605389775960786,0.30141347003830604,11181,,,,,7185059,,
2023-05-17,66,1426.7262087751808,2994.0076765203758,10.0,10,0.5341856986670479,1.7076768034095755,0.2612250277686477,4972,,,,,3121361,,
2023-05-18,51,1364.7522474839998,1959.332908093011,7.0,7,0.496047101255528,1.278683040741592,0.2511779113160074,3218,,,,,1495464,,
2023-05-19,91,1468.7459311897314,4694.147182934696,34.0,33,0.7372499423309903,1.7080908826074224,0.2650765416124955,7547,,,,,4220188,,
2023-05-20,30,1367.0343828528125,1267.9382655527954,,,0.4240782181695988,1.131411892667461,0.2612250277686477,2649,,,,,1555336,,
2023-05-21,52,1370.6054093013558,1990.4278616938896,1.0,1,0.4615800259400084,1.1089302933197986,0.2612250277686477,3840,,,,,1649021,,
2023-05-22,91,1474.1865832875114,4176.10653928126,21.0,21,0.6338576043304064,1.6048506205895983,0.2612250277686477,7002,,,,,4366491,,
2023-05-23,73,1476.3064871279903,2699.578891755054,27.0,27,0.5810196694373823,1.4209990376272197,0.2511779113160074,4310,,,,1024002,3322807,,
2023-05-24,51,1381.6119678514317,1948.0728313922934,6.0,6,0.38273274033622695,1.395406289693067,0.2612250277686477,3160,,,,,1937781,,
2023-05-25,86,1462.5129145929866,3802.6621997001976,17.0,17,0.5458892070430936,1.4149399402463438,0.2546734289685164,6284,,,,,4060232,,
2023-05-26,128,1461.3877302694946,4404.326790542675,57.0,56,0.5042528839450011,1.879887094841455,0.2511779113160074,7234,,,,82595,3936264,,
2023-05-27,,1307.7499927282333,26.524387434970382,,,0.4896440624669059,0.6979688642598835,0.2813192606739283,248,,,,,,,
2023-05-28,12,1336.43146991666,173.01134531446587,8.0,8,0.3281839019228039,0.4186298353065866,0.2612250277686477,513,,,,547103,165131,,
2023-05-29,106,1483.5111530660513,4871.294653432306,26.0,26,0.5639134336235675,1.2652840138151544,0.2511779113160074,8003,,,,,4611123,,
2023-05-30,94,1474.9824802018813,4659.1955452138245,25.0,25,0.5152320318701337,1.6722832003995876,0.2612250277686477,7512,,,,,4387371,,
2023-05-31,123,1510.5370803449855,6100.393172864604,40.0,39,0.5891109893720051,1.8800683328641996,0.2501356795679433,9730,,,,,5320151,,
2023-06-01,155,1631.0219558142353,6808.768539114931,19.0,19,0.42381458411224887,1.3557783906545395,0.24951448235889762,11349,,,,,8481090,,
2023-06-02,69,1439.7746745238128,3459.2003123646787,23.0,23,0.4141454804992114,1.3629304933131086,0.2511779113160074,5647,,,,,3463689,,
2023-06-03,53,1353.3248675666214,1769.787149047202,,,0.35901827476843934,1.4050603840056097,0.2511779113160074,3285,,,,,1195664,,
2023-06-04,10,1311.9795453532067,343.0827560883549,,,0.3188348495170271,0.6185724681662869,0.29136637712656854,719,,,,,110963,,
2023-06-05,142,1593.966651220682,5004.0008920141145,72.0,72,0.6696949367979043,1.4353175832751432,0.2612250277686477,7965,,,,2647852,4666386,,
2023-06-06,94,1506.1043468705657,5162.749454766983,28.0,27,0.5260981029227474,2.0129823556197306,0.2511779113160074,8193,,,,,5203858,,
2023-06-07,25,1358.0104008411195,1144.8499232626532,5.0,5,0.47941364539663645,1.5503979911886623,0.25137389948051975,2007,,,,,1318589,,
2023-06-08,85,1447.0543102904019,3712.504763508135,13.0,13,0.5220173642055809,1.3170162466504294,0.2612250277686477,6202,,,,,3654673,,
2023-06-09,56,1418.2051503945786,2273.907524790728,6.0,6,0.3890345721564776,1.4859886412751675,0.271272144221288,3760,,,,,2897809,,
2023-06-10,80,1477.6546150230547,3623.532603034912,18.0,18,0.47679743054197504,1.382745093393213,0.2813192606739283,6085,,,,,4457476,,
2023-06-11,35,1376.0962339264756,1197.2633425386855,1.0,1,0.42806352096325456,2.352128763839125,0.27692728868938815,2126,,,,,1582372,84025,
2023-06-12,73,1443.05488161853,3535.6371242774912,24.0,24,0.4648944149822175,1.2906683841243483,0.2609640601887062,5714,,,,,3549746,,
2023-06-13,52,1391.5053969150747,2426.2937203829697,16.0,16,0.576114125239545,1.3400821307123123,0.2511779113160074,3949,,,,,2197335,,
2023-06-14,89,1495.7840035752986,4182.230812873293,25.0,25,0.48886208605949555,1.2546673861325381,0.2612250277686477,6902,,,,,4933102,,
2023-06-15,99,1470.5261221167336,4191.983849159786,17.0,17,0.4300837058982504,1.6461132156084597,0.26220726450552556,6898,,,,,4268656,,
2023-06-16,53,1406.7248494193934,2666.9685338919458,14.0,14,0.5619596774043265,1.4753623660394322,0.2612250277686477,4412,,,,,2596624,,
2023-06-17,2,1307.7499927282333,129.00497525190139,,,0.3165410623735297,0.34494835544219,0.30141347428874654,360,,,,,,,
2023-06-18,4,1307.7499927282336,169.6017570500116,,,0.34942186376270656,0.8747025341481294,0.2612250277686477,383,,,,,,,
2023-06-19,3,1324.7046417496579,141.0418918595159,,,0.395354111994974,1.581693098439829,0.29827002068939495,341,,,,,444808,,
2023-06-20,77,1467.2232551847796,3293.5432988003668,12.0,12,0.47237893780153983,1.6807310851069839,0.2511779113160074,5563,,,,,4183807,,
2023-06-21,15,1345.1458439321675,631.2864585950321,,,0.44295658089921996,1.1557419056009333,0.2632432134758831,1222,,,,,981087,,
2023-06-22,57,1369.1019763167205,2026.7245295447487,1.0,1,0.5791891783203815,1.403680534954581,0.2612250277686477,3525,,,,,1609580,,
2023-06-23,63,1437.408960186991,2138.045901493131,20.0,20,0.4426091403836744,1.2056057076871123,0.271272144221288,3587,,,,853184,2485703,,
2023-06-24,73,1448.1163745869376,3402.4555885632726,21.0,21,0.558995246524428,1.3403812440252971,0.28784371062114295,5497,,,,,3682534,,
2023-06-25,24,1348.6688299615682,976.9221172175658,,,0.36090555732114515,1.118778805550509,0.2612250277686477,1772,,,,,1073513,,
2023-06-26,71,1456.340174906974,3593.612840965797,12.0,12,0.6408240162067897,1.4254532248322904,0.2511779113160074,5883,,,,,3898287,,
2023-06-27,46,1394.5147495746871,2195.069798230779,8.0,8,0.5972924084648732,1.3937179235639299,0.2612250277686477,3555,,,,,2276287,,
2023-06-28,30,1371.4085413419693,1355.1452048718227,4.0,4,0.3383485606228729,1.2000258171162717,0.3014134643828344,2371,,,,,1670092,,
2023-06-29,10,1319.3911251645886,448.6572633398856,,,0.627334697350511,1.5476573537632943,0.2612250277686477,767,,,,,305407,,
2023-06-30,45,1359.3062278846608,1545.8100552333701,2.0,2,0.35587496240376826,1.173606414937507,0.25405722598062763,2759,,,,,1352588,,
2023-07-01,26,1338.9295110785379,913.3317377711169,,,0.39352570785256574,1.229918081820706,0.30141348228723064,1707,,,,,818000,,
2023-07-02,15,1314.0557038907962,520.3198459907576,,,0.47536792160101454,1.2775710973425551,0.30141346785859296,904,,,,,165431,,
2023-07-03,55,1418.706972127707,2606.936949057604,6.0,6,0.5343687611287099,1.2774217464532234,0.2612250277686477,4347,,,,,2910975,,
2023-07-04,5,1310.349023714116,185.06788505763424,,,0.5277740389538668,0.7015892002343794,0.3014134764321311,360,,,,,68186,,
2023-07-05,43,1388.5229933376208,1877.3446888322007,2.0,2,0.4513692771582065,1.5041744312447394,0.2511779113160074,3123,,,,,2119092,,
2023-07-06,68,1441.230148893564,2405.3669341516124,,,0.5583246115123517,1.1864605512868052,0.2612250277686477,4309,,,,,3501872,,
2023-07-07,50,1393.4392387110734,2020.885436722008,5.0,5,0.4078841854092282,1.4687536749359043,0.271272144221288,3539,,,,,2248072,,
2023-07-08,18,1328.5656443202347,661.8788265943313,,,0.3457367811641478,1.0155216178318327,0.2612250277686477,1417,,,,,546102,,
2023-07-09,26,1521.174844528083,585.5859144808329,14.0,14,0.3641700663232603,1.1667530309937677,0.2813192606739283,1216,,,,,864644,,828000
2023-07-10,44,1542.165952723725,1138.2360187898864,15.0,15,0.4698873275767894,1.1070174465511808,0.2594325910350123,2265,,,,,1143402,,969000
2023-07-11,5,1319.751124075654,328.45061486646944,,,0.3844232529118536,1.0882203345500527,0.2511779113160074,765,,,,,314851,,
2023-07-12,10,1332.0251873458324,472.7632298775562,,,0.4715717113401652,1.306220414615912,0.28131924372167527,1074,,,,,636864,,
2023-07-13,12,1318.9497932506863,594.0607547669172,,,0.3844364755706891,1.0464653083799145,0.2511779113160074,1334,,,,,293830,,
2023-07-14,17,1516.0509950435137,202.76320636891194,15.0,15,0.35666509513550815,1.0502769220403452,0.2813192606739283,624,,,,,262314,,938000
2023-07-15,18,1328.511544132506,793.047593508306,,,0.4317225508359054,0.9460709188006139,0.25652213271975605,1516,,,,,544685,,
2023-07-16,79,1442.3954522079348,2947.850309060398,1.0,1,0.4573632247748792,1.4940500484275774,0.2612250277686477,5622,,,,,3532446,,
2023-07-17,81,1487.3926269460494,3214.3630772569427,3.0,3,0.4810623750395324,1.6183668889206284,0.2511779113160074,5763,,,,,4712092,,
2023-07-18,17,1330.972299900818,810.0061111516536,,,0.3794796937430231,1.106010935222889,0.2511779113160074,1528,,,,,609241,,
2023-07-19,10,1319.2490788095085,385.80927178138734,,,0.4060273983932027,0.6845796862641869,0.2511779113160074,908,,,,,301680,,
2023-07-20,30,1518.3516266402737,560.0262710701701,16.0,16,0.3683138065976989,0.605579637882637,0.283879647111179,1189,,,,,375356,,998000
2023-07-21,45,1520.0331023897193,1172.3879896294595,16.0,16,0.38230187260773607,0.8377515462671428,0.2511779113160074,2203,,,,,450073,,1009000
2023-07-22,55,1353.032057960429,1994.6569893828741,,,0.4233246318353198,1.1801168044582264,0.2511779113160074,3775,,,,,769523,177289,
2023-07-23,59,1602.1441245312556,1234.9295921394635,20.0,20,0.42721709480285236,1.02851575474336,0.2612250277686477,2355,,,,,629775,,1256000
2023-07-24,29,1348.425919092881,1289.7115805966585,,,0.5429902724473836,1.1520262832457657,0.2612250277686477,2446,,,,,1067141,,
2023-07-25,17,1338.224094176097,875.173650119807,,,0.35926407945718103,1.1489566217021072,0.2511779113160074,1705,,,,,799493,,
2023-07-26,54,1432.341990396265,2037.5164425982207,2.0,2,0.510563173142328,1.1678498100560584,0.2547156302423192,3956,,,,,3268692,,
2023-07-27,77,1438.5404088087491,2293.3342569047827,24.0,24,0.47861011494116024,1.183972340858898,0.2511779113160074,4150,,,,1365123,1965805,,
2023-07-28,33,1333.6726994353808,1282.0186240315118,,,0.43900826308366164,1.242468272714869,0.27087708290509876,2334,,,,,680087,,
2023-07-29,20,1336.6842523449907,898.0353480491142,2.0,2,0.46197528897645385,1.4872161888874393,0.2612250277686477,1736,,,,,759095,,
2023-07-30,30,1361.966209529645,1073.0845973172645,,,0.4802152444664012,1.2113212492076637,0.2511779113160074,2155,,,,,1422373,,
2023-07-31,44,1380.226828245851,1311.0271489703248,5.0,5,0.4780381440547312,1.3605388965933667,0.2511779113160074,2387,,,,355543,1519755,,
2023-08-01,26,1343.4564809843623,1160.7850926622948,1.0,1,0.4274521003272975,1.2744161177622244,0.25909469362109644,2059,,,,,936767,,
2023-08-02,130,1567.3250630236032,6770.529917479311,29.0,29,0.5518272419032865,1.4036694816251725,0.24869100130297764,11173,,,,,6809995,,
2023-08-03,65,1429.2941719324544,2990.0510085047504,9.0,9,0.5376794657188368,1.5348684463386664,0.2511779113160074,5222,,,,,3188730,,
2023-08-04,92,1489.8779008228048,4393.9701512482525,26.0,26,0.49865843830450607,1.339899769818091,0.2602130926340619,7438,,,,,4778157,,
2023-08-05,14,1333.2535288142162,580.0065960454165,,,0.3694939606727092,1.9771071262415612,0.2813192606739283,1177,,,,,669089,,
2023-08-06,31,1342.834564736558,1205.3940557889957,,,0.4027737708804893,1.1262125035850787,0.2511779113160074,2491,,,,,920451,,
2023-08-07,127,1569.5012259351658,5702.5841376425315,14.0,14,0.6038171651820692,1.772758199122592,0.2511779113160074,9398,,,,,6867087,,
2023-08-08,101,1521.416633556422,4848.286872042397,11.0,11,0.4998363203409839,1.3451753926226024,0.271272144221288,7950,,,,,5605580,,
2023-08-09,86,1492.3124279468843,4123.758293505074,17.0,17,0.5948788606437516,1.456000627804536,0.2612250277686477,6758,,,,,4842026,,
2023-08-10,78,1483.2933883735113,3668.378308764342,13.0,13,0.43581407886720946,1.330825018575671,0.252166805396716,6181,,,,,4605409,,
2023-08-11,88,1489.2641284379094,4276.941396138008,26.0,26,0.6089027191016825,1.4845696427726707,0.24992826996617648,7011,,,,,4762056,,
2023-08-12,104,1509.5679576846594,3306.5100079112967,25.0,25,0.5117286866218732,1.6595265375506019,0.25749610633066494,5901,,,,1248620,3954249,,
2023-08-13,36,1396.37940406766,1392.2091448635663,,,0.3563335314478576,1.2433381363256775,0.24910205946081848,2552,,,,,2325207,,
2023-08-14,94,1483.2731365663803,4907.864275541074,28.0,28,0.594730284578718,1.9304239887803436,0.2492583848855211,7818,,,,,4604878,,
2023-08-15,49,1419.5970939526835,2178.2514080897317,,,0.4832929464506159,1.3191515834978016,0.2511779113160074,3768,,,,,2934327,,
2023-08-16,79,1492.0896492674294,3800.346976499331,14.0,14,0.6107084774635633,1.2718030811739152,0.2511779113160074,6123,,,,,4836182,,
2023-08-17,108,1526.6206849183643,5267.291307430434,22.0,22,0.5196853770122347,1.649294047245219,0.2612250277686477,8743,,,,,5742109,,
2023-08-18,93,1484.3843679424756,4264.049615504541,18.0,17,0.5164463402681145,2.0340070733184508,0.2511779113160074,7026,,,,,4634033,,
2023-08-19,34,1367.5976347338608,1270.9120812091153,,,0.36563999410772186,1.070443372467334,0.2612250277686477,2696,,,,,1570114,,
2023-08-20,32,1330.2068006148218,1096.542289641162,,,0.3177974175530328,0.7053781172944443,0.2612250277686477,2131,,,,,589158,,
2023-08-21,152,1626.547136059879,7047.987963260116,38.0,38,0.5950974336720325,1.4070572529692333,0.2511779113160074,11592,,,,,8363695,,
2023-08-22,79,1493.4070632945009,3488.7727923854122,24.0,24,0.599806780450337,1.4080436117106339,0.2511779113160074,5747,,,,575402,4253030,,
2023-08-23,125,1537.826310474208,5238.688564280002,17.0,17,0.41475218395392643,1.3920917543840254,0.2615737775469065,8805,,,,,6036090,,
2023-08-24,130,1570.797125586164,5648.709608012285,13.0,13,0.5951542091630476,2.198119122425439,0.2511779113160074,9735,,,,,6900463,,
2023-08-25,117,1491.320050519598,5471.379748089314,22.0,22,0.4903630005930156,1.639006768705422,0.29136637712656854,9034,,,,,4336649,203083,
2023-08-26,118,1537.4139589033257,3916.3551355090462,35.0,35,0.580411574060813,1.4468293615717949,0.2670458563803707,7028,,,,1125129,4817410,,
2023-08-27,91,1478.139703545605,3283.5912841868876,3.0,3,0.4725920926175307,1.7511446277376657,0.2511779113160074,6089,,,,,4470202,,
2023-08-28,50,1445.8788201713182,2058.8023292321463,1.0,1,0.4861027312036045,1.3151173486075503,0.2511779113160074,3588,,,,,3623834,,
2023-08-29,21,1360.1783702842476,1083.5570073785573,1.0,1,0.3943527009769892,1.3787239871673511,0.2511779113160074,2032,,,,,1375467,,
2023-08-30,79,1461.3061914989555,3870.089411536792,18.0,18,0.5271089882443292,1.4450764333419932,0.2612250277686477,6277,,,,,4028571,,
2023-08-31,69,1440.5811897582735,2851.0031041240754,13.0,13,0.5739126088714511,1.3111432417101618,0.25484615137365857,4691,,,,,3484849,,
2023-09-01,98,1521.612550393759,4870.029264879918,29.0,29,0.590402473722319,1.764757562361821,0.24992826996617648,7973,,,,,5605334,,
2023-09-02,4,1311.979164185374,159.14632460982227,,,0.28341046993748675,0.5155719241893923,0.2511779113160074,405,,,,,110953,,
2023-09-03,7,1307.7499927282333,317.6898222324861,,,0.3039812630805316,0.7144616193582849,0.2612250277686477,647,,,,,,,
2023-09-04,149,1558.0987222260621,6826.097144996235,40.0,40,0.612157758673125,2.433352987685329,0.2511779113160074,10917,,,,,6567940,,
2023-09-05,62,1447.1241117617246,3581.290058386081,26.0,26,0.4514159739346186,1.4539844287248622,0.271272144221288,5658,,,,,3656505,,
2023-09-06,22,1334.1504192105972,969.9603389876116,,,0.3243064522373883,1.1252567271237348,0.2511779113160074,1660,,,,,692620,,
2023-09-07,88,1448.771061493786,3344.7313614097416,5.0,5,0.49073620192648093,1.9423201956134384,0.2511779113160074,5502,,,,,3699710,,
2023-09-08,65,1439.459217891699,3430.53212235639,22.0,21,0.5280418108363961,1.6247174389321302,0.2612250277686477,5389,,,,,3455413,,
2023-09-09,5,1318.7802804766422,59.67987172868335,3.0,3,0.30141349700862463,0.30141349700862463,0.30141349700862463,227,,,,220015,53188,,
2023-09-10,,1307.7499927282333,3.0141349357920886,,,,,,80,,,,,,,
2023-09-11,120,1526.975030733606,5530.670684276695,22.0,22,0.6058509122243879,1.379533203593748,0.2612250277686477,9097,,,,,5751405,,
2023-09-12,97,1509.7186987086611,4340.601095723027,21.0,21,0.67529799073507,1.4017810765274232,0.2612250277686477,6961,,,,,5298682,,
2023-09-13,157,1608.62636159014,7082.099231510048,24.0,24,0.589944592160604,1.489233226402733,0.2511779113160074,11831,,,,,7733858,67653,
2023-09-14,162,1624.606945292685,7150.976561070724,19.0,19,0.48207552734063847,1.5109308514054407,0.2511779113160074,11903,,,,,7970924,144839,
2023-09-15,127,1631.8085462653837,5452.202719750788,5.0,5,0.5625155854432599,1.4625610723756075,0.2511779113160074,9177,,,,,8501730,,
2023-09-16,170,1688.681667960291,8308.997391905283,39.0,39,0.8061280383005411,1.6837202075383504,0.24919160644306704,13504,,,,,9993805,,
2023-09-17,87,1459.136722018553,3442.2442336800204,,,0.503824454156609,1.4050603840056095,0.2511779113160074,6150,,,,,3808743,69022,
2023-09-18,128,1611.9189001446505,5174.821914979371,7.0,7,0.501240970605518,1.360538989743748,0.2511779113160074,8885,,,,,7979920,,
2023-09-19,84,1462.3640973106567,3495.2135278194696,9.0,9,0.6042937730587986,1.3056852348301728,0.24669260647637678,5964,,,,,4056327,,
2023-09-20,75,1448.2140786392254,2909.4283686739013,7.0,7,0.5191993360376255,1.3270678655533987,0.25302286573213206,5027,,,,,3685097,,
2023-09-21,61,1435.3533510920463,3135.1777837854165,18.0,18,0.4208999004628268,1.8087109759641176,0.2612250277686477,4972,,,,,3347694,,
2023-09-22,83,1482.9349342736575,4220.076982537216,27.0,27,0.5663374659200231,1.7342841298639857,0.25348229305224235,6975,,,,,4596005,,
2023-09-23,1,1307.7499927282333,59.89034280586991,,,0.39493352738415216,0.6289527153338227,0.2612250277686477,222,,,,,,,
2023-09-24,10,1310.5356954288216,331.83793817107045,,,0.35850684994416115,1.071732163253875,0.2612250277686477,727,,,,,73083,,
2023-09-25,98,1505.6468754961359,4658.8171218216385,25.0,25,0.6183563978802766,1.4007190722220677,0.2612250277686477,7546,,,,,5191856,,
2023-09-26,94,1516.7969097664857,4597.026324940451,18.0,17,0.5601406638554652,1.7183944794099193,0.2511779113160074,7614,,,,,5484383,,
2023-09-27,83,1491.2650341519488,4249.633541553308,26.0,26,0.46974005109946837,1.3386345780798286,0.271272144221288,7045,,,,,4814547,,
2023-09-28,25,1341.8092776122376,600.415679209784,10.0,10,0.3264983515268159,0.8312125236172448,0.2612250277686477,1075,,,,660193,184813,,
2023-09-29,1,1329.0512172332828,43.41922009186625,,,0.6296489529833527,0.8477680308727897,0.3014134886010248,170,,,,,,236764,
2023-09-30,,1307.749992728233,105.4947227527231,,,0.31513218259140297,0.6396042304068092,0.29136637712656854,395,,,,,,,
2023-10-01,23,1347.6672222430307,1053.0970304529344,2.0,2,0.5238436471590461,1.4109261346460709,0.2511779113160074,1973,,,,,1047235,,
2023-10-02,2,1307.7499927282336,198.33007877511946,,,0.3027125629076294,0.793193404155813,0.2511779113160074,540,,,,,,,
2023-10-03,12,1309.039826558217,406.0344031148894,,,0.548364453489495,0.9185158369312185,0.2511779113160074,860,,,,,33839,,
2023-10-04,51,1432.0647409280582,2665.71152968052,10.0,10,0.6343630816659481,1.2940562236024136,0.2813192606739283,4194,,,,,3261418,,
2023-10-05,22,1352.2794831737697,1124.6004898600777,8.0,8,0.5236819117306921,1.2428670603207808,0.29136637712656854,1933,,,,,1168239,,
2023-10-06,40,1362.083139371859,1558.7390322605238,7.0,7,0.802444522145877,1.3305014623059255,0.2813192606739283,2580,,,,,1425440,,
2023-10-07,40,1383.1877605914965,1999.0193194229275,9.0,9,0.5042481490550078,1.260422103569457,0.30141347716179395,3446,,,,,1979122,,
2023-10-08,37,1343.3909399493682,1139.0528780438876,,,0.45004979230983705,1.192146400750565,0.2573007991134265,2022,,,,,935045,,
2023-10-09,30,1352.6100362827779,1234.8937489000803,5.0,5,0.43323295650870447,1.326850415558329,0.30141347428874654,1965,,,,,1176911,,
2023-10-10,44,1396.4663299272806,1806.043337892507,3.0,3,0.4885799301158896,1.2580264412957929,0.271272144221288,3043,,,,,2327488,,
2023-10-11,38,1369.5701551649486,1666.5794242310697,8.0,8,0.4915120708223404,1.3270162276779998,0.2724527676728148,2744,,,,,1621862,,
2023-10-12,85,1470.2704371993184,4088.115079980125,17.0,17,0.5235387715363975,1.4990971153841872,0.2612250277686477,6796,,,,,4263751,,
2023-10-13,82,1484.192166042868,4284.885915532538,24.0,24,0.7568048144068712,2.250118384497344,0.2511779113160074,7066,,,,,4628990,,
2023-10-14,13,1307.7499927282333,449.7089324201796,,,0.31642470109380794,0.6804485351806214,0.29136637712656854,1056,,,,,,,
2023-10-15,20,1333.1510933508516,828.180022747783,2.0,2,0.34608829974895383,1.318693211585005,0.2511779113160074,1525,,,,,666402,,
2023-10-16,119,1501.1475243669713,5616.26455339392,28.0,28,0.6062175156251141,1.5020114271070941,0.28125677763073303,8928,,,,,5073815,,
2023-10-17,50,1401.1460313948821,1842.9336010055779,4.0,4,0.5103085602171028,1.4494749398245668,0.3014134643828344,3026,,,,,2450260,,
2023-10-18,106,1549.6861145812288,5115.826643263135,29.0,29,0.7213927478772147,1.4514376568193104,0.2511779113160074,8242,,,,509579,5800184,,
2023-10-19,107,1550.6552308609344,5128.3495316814415,27.0,27,0.6579811381127487,1.4935753630212887,0.2511779113160074,8420,,,,,6372657,,
2023-10-20,73,1464.4308596312437,4130.636901044511,34.0,34,0.5037406114345657,1.4255734933017887,0.271272144221288,6710,,,,,4110548,,
2023-10-21,21,1323.2774361559736,651.6559731182496,,,0.38745355423956246,0.6698077635093531,0.2612250277686477,1242,,,,,407365,,
2023-10-22,72,1453.4021201334724,3411.7915072329733,3.0,3,0.4111464929585684,1.2009338479169471,0.2511779113160074,5734,,,,,3821207,,
2023-10-23,15,1328.092026132093,582.5136619301398,,,0.48711031571859537,1.0691486233932612,0.2612250277686477,1128,,,,,533676,,
2023-10-24,4,1314.2492092146204,167.4484883655849,,,0.4449001475569295,1.3367261079288308,0.2511779113160074,422,,,,,170508,,
2023-10-25,64,1454.1549480561312,2876.8366727511316,10.0,10,0.48447103876622,1.7443840496616698,0.2813192606739283,4721,,,,,3840958,,
2023-10-26,88,1341.461414217445,4139.742236723593,15.0,15,0.5423923084638049,1.7028618862976166,0.24961780006559742,6889,,,,,4253675,,
